1,customer name 1,0987650001
2,customer name 2,0987650002
3,customer name 3,0987650003
4,customer name 4,0987650004
5,customer name 5,0987650005
6,customer name 6,0987650006
7,customer name 7,0987650007
8,customer name 8,0987650008
9,customer name 9,0987650009
10,customer name 10,0987650010
11,customer name 11,0987650011
12,customer name 12,0987650012
13,customer name 13,0987650013
14,customer name 14,0987650014
15,customer name 15,0987650015
16,customer name 16,0987650016
17,customer name 17,0987650017
18,customer name 18,0987650018
19,customer name 19,0987650019
20,customer name 20,0987650020
21,customer name 21,0987650021
22,customer name 22,0987650022
23,customer name 23,0987650023
24,customer name 24,0987650024
25,customer name 25,0987650025
26,customer name 26,0987650026
27,customer name 27,0987650027
28,customer name 28,0987650028
29,customer name 29,0987650029
30,customer name 30,0987650030
31,customer name 31,0987650031
32,customer name 32,0987650032
33,customer name 33,0987650033
34,customer name 34,0987650034
35,customer name 35,0987650035
36,customer name 36,0987650036
37,customer name 37,0987650037
38,customer name 38,0987650038
39,customer name 39,0987650039
40,customer name 40,0987650040
41,customer name 41,0987650041
42,customer name 42,0987650042
43,customer name 43,0987650043
44,customer name 44,0987650044
45,customer name 45,0987650045
46,customer name 46,0987650046
47,customer name 47,0987650047
48,customer name 48,0987650048
49,customer name 49,0987650049
50,customer name 50,0987650050
51,customer name 51,0987650051
52,customer name 52,0987650052
53,customer name 53,0987650053
54,customer name 54,0987650054
55,customer name 55,0987650055
56,customer name 56,0987650056
57,customer name 57,0987650057
58,customer name 58,0987650058
59,customer name 59,0987650059
60,customer name 60,0987650060
61,customer name 61,0987650061
62,customer name 62,0987650062
63,customer name 63,0987650063
64,customer name 64,0987650064
65,customer name 65,0987650065
66,customer name 66,0987650066
67,customer name 67,0987650067
68,customer name 68,0987650068
69,customer name 69,0987650069
70,customer name 70,0987650070
71,customer name 71,0987650071
72,customer name 72,0987650072
73,customer name 73,0987650073
74,customer name 74,0987650074
75,customer name 75,0987650075
76,customer name 76,0987650076
77,customer name 77,0987650077
78,customer name 78,0987650078
79,customer name 79,0987650079
80,customer name 80,0987650080
81,customer name 81,0987650081
82,customer name 82,0987650082
83,customer name 83,0987650083
84,customer name 84,0987650084
85,customer name 85,0987650085
86,customer name 86,0987650086
87,customer name 87,0987650087
88,customer name 88,0987650088
89,customer name 89,0987650089
90,customer name 90,0987650090
91,customer name 91,0987650091
92,customer name 92,0987650092
93,customer name 93,0987650093
94,customer name 94,0987650094
95,customer name 95,0987650095
96,customer name 96,0987650096
97,customer name 97,0987650097
98,customer name 98,0987650098
99,customer name 99,0987650099
100,customer name 100,0987650100
101,customer name 101,0987650101
102,customer name 102,0987650102
103,customer name 103,0987650103
104,customer name 104,0987650104
105,customer name 105,0987650105
106,customer name 106,0987650106
107,customer name 107,0987650107
108,customer name 108,0987650108
109,customer name 109,0987650109
110,customer name 110,0987650110
111,customer name 111,0987650111
112,customer name 112,0987650112
113,customer name 113,0987650113
114,customer name 114,0987650114
115,customer name 115,0987650115
116,customer name 116,0987650116
117,customer name 117,0987650117
118,customer name 118,0987650118
119,customer name 119,0987650119
120,customer name 120,0987650120
121,customer name 121,0987650121
122,customer name 122,0987650122
123,customer name 123,0987650123
124,customer name 124,0987650124
125,customer name 125,0987650125
126,customer name 126,0987650126
127,customer name 127,0987650127
128,customer name 128,0987650128
129,customer name 129,0987650129
130,customer name 130,0987650130
131,customer name 131,0987650131
132,customer name 132,0987650132
133,customer name 133,0987650133
134,customer name 134,0987650134
135,customer name 135,0987650135
136,customer name 136,0987650136
137,customer name 137,0987650137
138,customer name 138,0987650138
139,customer name 139,0987650139
140,customer name 140,0987650140
141,customer name 141,0987650141
142,customer name 142,0987650142
143,customer name 143,0987650143
144,customer name 144,0987650144
145,customer name 145,0987650145
146,customer name 146,0987650146
147,customer name 147,0987650147
148,customer name 148,0987650148
149,customer name 149,0987650149
150,customer name 150,0987650150
151,customer name 151,0987650151
152,customer name 152,0987650152
153,customer name 153,0987650153
154,customer name 154,0987650154
155,customer name 155,0987650155
156,customer name 156,0987650156
157,customer name 157,0987650157
158,customer name 158,0987650158
159,customer name 159,0987650159
160,customer name 160,0987650160
161,customer name 161,0987650161
162,customer name 162,0987650162
163,customer name 163,0987650163
164,customer name 164,0987650164
165,customer name 165,0987650165
166,customer name 166,0987650166
167,customer name 167,0987650167
168,customer name 168,0987650168
169,customer name 169,0987650169
170,customer name 170,0987650170
171,customer name 171,0987650171
172,customer name 172,0987650172
173,customer name 173,0987650173
174,customer name 174,0987650174
175,customer name 175,0987650175
176,customer name 176,0987650176
177,customer name 177,0987650177
178,customer name 178,0987650178
179,customer name 179,0987650179
180,customer name 180,0987650180
181,customer name 181,0987650181
182,customer name 182,0987650182
183,customer name 183,0987650183
184,customer name 184,0987650184
185,customer name 185,0987650185
186,customer name 186,0987650186
187,customer name 187,0987650187
188,customer name 188,0987650188
189,customer name 189,0987650189
190,customer name 190,0987650190
191,customer name 191,0987650191
192,customer name 192,0987650192
193,customer name 193,0987650193
194,customer name 194,0987650194
195,customer name 195,0987650195
196,customer name 196,0987650196
197,customer name 197,0987650197
198,customer name 198,0987650198
199,customer name 199,0987650199
200,customer name 200,0987650200
201,customer name 201,0987650201
202,customer name 202,0987650202
203,customer name 203,0987650203
204,customer name 204,0987650204
205,customer name 205,0987650205
206,customer name 206,0987650206
207,customer name 207,0987650207
208,customer name 208,0987650208
209,customer name 209,0987650209
210,customer name 210,0987650210
211,customer name 211,0987650211
212,customer name 212,0987650212
213,customer name 213,0987650213
214,customer name 214,0987650214
215,customer name 215,0987650215
216,customer name 216,0987650216
217,customer name 217,0987650217
218,customer name 218,0987650218
219,customer name 219,0987650219
220,customer name 220,0987650220
221,customer name 221,0987650221
222,customer name 222,0987650222
223,customer name 223,0987650223
224,customer name 224,0987650224
225,customer name 225,0987650225
226,customer name 226,0987650226
227,customer name 227,0987650227
228,customer name 228,0987650228
229,customer name 229,0987650229
230,customer name 230,0987650230
231,customer name 231,0987650231
232,customer name 232,0987650232
233,customer name 233,0987650233
234,customer name 234,0987650234
235,customer name 235,0987650235
236,customer name 236,0987650236
237,customer name 237,0987650237
238,customer name 238,0987650238
239,customer name 239,0987650239
240,customer name 240,0987650240
241,customer name 241,0987650241
242,customer name 242,0987650242
243,customer name 243,0987650243
244,customer name 244,0987650244
245,customer name 245,0987650245
246,customer name 246,0987650246
247,customer name 247,0987650247
248,customer name 248,0987650248
249,customer name 249,0987650249
250,customer name 250,0987650250
251,customer name 251,0987650251
252,customer name 252,0987650252
253,customer name 253,0987650253
254,customer name 254,0987650254
255,customer name 255,0987650255
256,customer name 256,0987650256
257,customer name 257,0987650257
258,customer name 258,0987650258
259,customer name 259,0987650259
260,customer name 260,0987650260
261,customer name 261,0987650261
262,customer name 262,0987650262
263,customer name 263,0987650263
264,customer name 264,0987650264
265,customer name 265,0987650265
266,customer name 266,0987650266
267,customer name 267,0987650267
268,customer name 268,0987650268
269,customer name 269,0987650269
270,customer name 270,0987650270
271,customer name 271,0987650271
272,customer name 272,0987650272
273,customer name 273,0987650273
274,customer name 274,0987650274
275,customer name 275,0987650275
276,customer name 276,0987650276
277,customer name 277,0987650277
278,customer name 278,0987650278
279,customer name 279,0987650279
280,customer name 280,0987650280
281,customer name 281,0987650281
282,customer name 282,0987650282
283,customer name 283,0987650283
284,customer name 284,0987650284
285,customer name 285,0987650285
286,customer name 286,0987650286
287,customer name 287,0987650287
288,customer name 288,0987650288
289,customer name 289,0987650289
290,customer name 290,0987650290
291,customer name 291,0987650291
292,customer name 292,0987650292
293,customer name 293,0987650293
294,customer name 294,0987650294
295,customer name 295,0987650295
296,customer name 296,0987650296
297,customer name 297,0987650297
298,customer name 298,0987650298
299,customer name 299,0987650299
300,customer name 300,0987650300
301,customer name 301,0987650301
302,customer name 302,0987650302
303,customer name 303,0987650303
304,customer name 304,0987650304
305,customer name 305,0987650305
306,customer name 306,0987650306
307,customer name 307,0987650307
308,customer name 308,0987650308
309,customer name 309,0987650309
310,customer name 310,0987650310
311,customer name 311,0987650311
312,customer name 312,0987650312
313,customer name 313,0987650313
314,customer name 314,0987650314
315,customer name 315,0987650315
316,customer name 316,0987650316
317,customer name 317,0987650317
318,customer name 318,0987650318
319,customer name 319,0987650319
320,customer name 320,0987650320
321,customer name 321,0987650321
322,customer name 322,0987650322
323,customer name 323,0987650323
324,customer name 324,0987650324
325,customer name 325,0987650325
326,customer name 326,0987650326
327,customer name 327,0987650327
328,customer name 328,0987650328
329,customer name 329,0987650329
330,customer name 330,0987650330
331,customer name 331,0987650331
332,customer name 332,0987650332
333,customer name 333,0987650333
334,customer name 334,0987650334
335,customer name 335,0987650335
336,customer name 336,0987650336
337,customer name 337,0987650337
338,customer name 338,0987650338
339,customer name 339,0987650339
340,customer name 340,0987650340
341,customer name 341,0987650341
342,customer name 342,0987650342
343,customer name 343,0987650343
344,customer name 344,0987650344
345,customer name 345,0987650345
346,customer name 346,0987650346
347,customer name 347,0987650347
348,customer name 348,0987650348
349,customer name 349,0987650349
350,customer name 350,0987650350
351,customer name 351,0987650351
352,customer name 352,0987650352
353,customer name 353,0987650353
354,customer name 354,0987650354
355,customer name 355,0987650355
356,customer name 356,0987650356
357,customer name 357,0987650357
358,customer name 358,0987650358
359,customer name 359,0987650359
360,customer name 360,0987650360
361,customer name 361,0987650361
362,customer name 362,0987650362
363,customer name 363,0987650363
364,customer name 364,0987650364
365,customer name 365,0987650365
366,customer name 366,0987650366
367,customer name 367,0987650367
368,customer name 368,0987650368
369,customer name 369,0987650369
370,customer name 370,0987650370
371,customer name 371,0987650371
372,customer name 372,0987650372
373,customer name 373,0987650373
374,customer name 374,0987650374
375,customer name 375,0987650375
376,customer name 376,0987650376
377,customer name 377,0987650377
378,customer name 378,0987650378
379,customer name 379,0987650379
380,customer name 380,0987650380
381,customer name 381,0987650381
382,customer name 382,0987650382
383,customer name 383,0987650383
384,customer name 384,0987650384
385,customer name 385,0987650385
386,customer name 386,0987650386
387,customer name 387,0987650387
388,customer name 388,0987650388
389,customer name 389,0987650389
390,customer name 390,0987650390
391,customer name 391,0987650391
392,customer name 392,0987650392
393,customer name 393,0987650393
394,customer name 394,0987650394
395,customer name 395,0987650395
396,customer name 396,0987650396
397,customer name 397,0987650397
398,customer name 398,0987650398
399,customer name 399,0987650399
400,customer name 400,0987650400
401,customer name 401,0987650401
402,customer name 402,0987650402
403,customer name 403,0987650403
404,customer name 404,0987650404
405,customer name 405,0987650405
406,customer name 406,0987650406
407,customer name 407,0987650407
408,customer name 408,0987650408
409,customer name 409,0987650409
410,customer name 410,0987650410
411,customer name 411,0987650411
412,customer name 412,0987650412
413,customer name 413,0987650413
414,customer name 414,0987650414
415,customer name 415,0987650415
416,customer name 416,0987650416
417,customer name 417,0987650417
418,customer name 418,0987650418
419,customer name 419,0987650419
420,customer name 420,0987650420
421,customer name 421,0987650421
422,customer name 422,0987650422
423,customer name 423,0987650423
424,customer name 424,0987650424
425,customer name 425,0987650425
426,customer name 426,0987650426
427,customer name 427,0987650427
428,customer name 428,0987650428
429,customer name 429,0987650429
430,customer name 430,0987650430
431,customer name 431,0987650431
432,customer name 432,0987650432
433,customer name 433,0987650433
434,customer name 434,0987650434
435,customer name 435,0987650435
436,customer name 436,0987650436
437,customer name 437,0987650437
438,customer name 438,0987650438
439,customer name 439,0987650439
440,customer name 440,0987650440
441,customer name 441,0987650441
442,customer name 442,0987650442
443,customer name 443,0987650443
444,customer name 444,0987650444
445,customer name 445,0987650445
446,customer name 446,0987650446
447,customer name 447,0987650447
448,customer name 448,0987650448
449,customer name 449,0987650449
450,customer name 450,0987650450
451,customer name 451,0987650451
452,customer name 452,0987650452
453,customer name 453,0987650453
454,customer name 454,0987650454
455,customer name 455,0987650455
456,customer name 456,0987650456
457,customer name 457,0987650457
458,customer name 458,0987650458
459,customer name 459,0987650459
460,customer name 460,0987650460
461,customer name 461,0987650461
462,customer name 462,0987650462
463,customer name 463,0987650463
464,customer name 464,0987650464
465,customer name 465,0987650465
466,customer name 466,0987650466
467,customer name 467,0987650467
468,customer name 468,0987650468
469,customer name 469,0987650469
470,customer name 470,0987650470
471,customer name 471,0987650471
472,customer name 472,0987650472
473,customer name 473,0987650473
474,customer name 474,0987650474
475,customer name 475,0987650475
476,customer name 476,0987650476
477,customer name 477,0987650477
478,customer name 478,0987650478
479,customer name 479,0987650479
480,customer name 480,0987650480
481,customer name 481,0987650481
482,customer name 482,0987650482
483,customer name 483,0987650483
484,customer name 484,0987650484
485,customer name 485,0987650485
486,customer name 486,0987650486
487,customer name 487,0987650487
488,customer name 488,0987650488
489,customer name 489,0987650489
490,customer name 490,0987650490
491,customer name 491,0987650491
492,customer name 492,0987650492
493,customer name 493,0987650493
494,customer name 494,0987650494
495,customer name 495,0987650495
496,customer name 496,0987650496
497,customer name 497,0987650497
498,customer name 498,0987650498
499,customer name 499,0987650499
500,customer name 500,0987650500
501,customer name 501,0987650501
502,customer name 502,0987650502
503,customer name 503,0987650503
504,customer name 504,0987650504
505,customer name 505,0987650505
506,customer name 506,0987650506
507,customer name 507,0987650507
508,customer name 508,0987650508
509,customer name 509,0987650509
510,customer name 510,0987650510
511,customer name 511,0987650511
512,customer name 512,0987650512
513,customer name 513,0987650513
514,customer name 514,0987650514
515,customer name 515,0987650515
516,customer name 516,0987650516
517,customer name 517,0987650517
518,customer name 518,0987650518
519,customer name 519,0987650519
520,customer name 520,0987650520
521,customer name 521,0987650521
522,customer name 522,0987650522
523,customer name 523,0987650523
524,customer name 524,0987650524
525,customer name 525,0987650525
526,customer name 526,0987650526
527,customer name 527,0987650527
528,customer name 528,0987650528
529,customer name 529,0987650529
530,customer name 530,0987650530
531,customer name 531,0987650531
532,customer name 532,0987650532
533,customer name 533,0987650533
534,customer name 534,0987650534
535,customer name 535,0987650535
536,customer name 536,0987650536
537,customer name 537,0987650537
538,customer name 538,0987650538
539,customer name 539,0987650539
540,customer name 540,0987650540
541,customer name 541,0987650541
542,customer name 542,0987650542
543,customer name 543,0987650543
544,customer name 544,0987650544
545,customer name 545,0987650545
546,customer name 546,0987650546
547,customer name 547,0987650547
548,customer name 548,0987650548
549,customer name 549,0987650549
550,customer name 550,0987650550
551,customer name 551,0987650551
552,customer name 552,0987650552
553,customer name 553,0987650553
554,customer name 554,0987650554
555,customer name 555,0987650555
556,customer name 556,0987650556
557,customer name 557,0987650557
558,customer name 558,0987650558
559,customer name 559,0987650559
560,customer name 560,0987650560
561,customer name 561,0987650561
562,customer name 562,0987650562
563,customer name 563,0987650563
564,customer name 564,0987650564
565,customer name 565,0987650565
566,customer name 566,0987650566
567,customer name 567,0987650567
568,customer name 568,0987650568
569,customer name 569,0987650569
570,customer name 570,0987650570
571,customer name 571,0987650571
572,customer name 572,0987650572
573,customer name 573,0987650573
574,customer name 574,0987650574
575,customer name 575,0987650575
576,customer name 576,0987650576
577,customer name 577,0987650577
578,customer name 578,0987650578
579,customer name 579,0987650579
580,customer name 580,0987650580
581,customer name 581,0987650581
582,customer name 582,0987650582
583,customer name 583,0987650583
584,customer name 584,0987650584
585,customer name 585,0987650585
586,customer name 586,0987650586
587,customer name 587,0987650587
588,customer name 588,0987650588
589,customer name 589,0987650589
590,customer name 590,0987650590
591,customer name 591,0987650591
592,customer name 592,0987650592
593,customer name 593,0987650593
594,customer name 594,0987650594
595,customer name 595,0987650595
596,customer name 596,0987650596
597,customer name 597,0987650597
598,customer name 598,0987650598
599,customer name 599,0987650599
600,customer name 600,0987650600
601,customer name 601,0987650601
602,customer name 602,0987650602
603,customer name 603,0987650603
604,customer name 604,0987650604
605,customer name 605,0987650605
606,customer name 606,0987650606
607,customer name 607,0987650607
608,customer name 608,0987650608
609,customer name 609,0987650609
610,customer name 610,0987650610
611,customer name 611,0987650611
612,customer name 612,0987650612
613,customer name 613,0987650613
614,customer name 614,0987650614
615,customer name 615,0987650615
616,customer name 616,0987650616
617,customer name 617,0987650617
618,customer name 618,0987650618
619,customer name 619,0987650619
620,customer name 620,0987650620
621,customer name 621,0987650621
622,customer name 622,0987650622
623,customer name 623,0987650623
624,customer name 624,0987650624
625,customer name 625,0987650625
626,customer name 626,0987650626
627,customer name 627,0987650627
628,customer name 628,0987650628
629,customer name 629,0987650629
630,customer name 630,0987650630
631,customer name 631,0987650631
632,customer name 632,0987650632
633,customer name 633,0987650633
634,customer name 634,0987650634
635,customer name 635,0987650635
636,customer name 636,0987650636
637,customer name 637,0987650637
638,customer name 638,0987650638
639,customer name 639,0987650639
640,customer name 640,0987650640
641,customer name 641,0987650641
642,customer name 642,0987650642
643,customer name 643,0987650643
644,customer name 644,0987650644
645,customer name 645,0987650645
646,customer name 646,0987650646
647,customer name 647,0987650647
648,customer name 648,0987650648
649,customer name 649,0987650649
650,customer name 650,0987650650
651,customer name 651,0987650651
652,customer name 652,0987650652
653,customer name 653,0987650653
654,customer name 654,0987650654
655,customer name 655,0987650655
656,customer name 656,0987650656
657,customer name 657,0987650657
658,customer name 658,0987650658
659,customer name 659,0987650659
660,customer name 660,0987650660
661,customer name 661,0987650661
662,customer name 662,0987650662
663,customer name 663,0987650663
664,customer name 664,0987650664
665,customer name 665,0987650665
666,customer name 666,0987650666
667,customer name 667,0987650667
668,customer name 668,0987650668
669,customer name 669,0987650669
670,customer name 670,0987650670
671,customer name 671,0987650671
672,customer name 672,0987650672
673,customer name 673,0987650673
674,customer name 674,0987650674
675,customer name 675,0987650675
676,customer name 676,0987650676
677,customer name 677,0987650677
678,customer name 678,0987650678
679,customer name 679,0987650679
680,customer name 680,0987650680
681,customer name 681,0987650681
682,customer name 682,0987650682
683,customer name 683,0987650683
684,customer name 684,0987650684
685,customer name 685,0987650685
686,customer name 686,0987650686
687,customer name 687,0987650687
688,customer name 688,0987650688
689,customer name 689,0987650689
690,customer name 690,0987650690
691,customer name 691,0987650691
692,customer name 692,0987650692
693,customer name 693,0987650693
694,customer name 694,0987650694
695,customer name 695,0987650695
696,customer name 696,0987650696
697,customer name 697,0987650697
698,customer name 698,0987650698
699,customer name 699,0987650699
700,customer name 700,0987650700
701,customer name 701,0987650701
702,customer name 702,0987650702
703,customer name 703,0987650703
704,customer name 704,0987650704
705,customer name 705,0987650705
706,customer name 706,0987650706
707,customer name 707,0987650707
708,customer name 708,0987650708
709,customer name 709,0987650709
710,customer name 710,0987650710
711,customer name 711,0987650711
712,customer name 712,0987650712
713,customer name 713,0987650713
714,customer name 714,0987650714
715,customer name 715,0987650715
716,customer name 716,0987650716
717,customer name 717,0987650717
718,customer name 718,0987650718
719,customer name 719,0987650719
720,customer name 720,0987650720
721,customer name 721,0987650721
722,customer name 722,0987650722
723,customer name 723,0987650723
724,customer name 724,0987650724
725,customer name 725,0987650725
726,customer name 726,0987650726
727,customer name 727,0987650727
728,customer name 728,0987650728
729,customer name 729,0987650729
730,customer name 730,0987650730
731,customer name 731,0987650731
732,customer name 732,0987650732
733,customer name 733,0987650733
734,customer name 734,0987650734
735,customer name 735,0987650735
736,customer name 736,0987650736
737,customer name 737,0987650737
738,customer name 738,0987650738
739,customer name 739,0987650739
740,customer name 740,0987650740
741,customer name 741,0987650741
742,customer name 742,0987650742
743,customer name 743,0987650743
744,customer name 744,0987650744
745,customer name 745,0987650745
746,customer name 746,0987650746
747,customer name 747,0987650747
748,customer name 748,0987650748
749,customer name 749,0987650749
750,customer name 750,0987650750
751,customer name 751,0987650751
752,customer name 752,0987650752
753,customer name 753,0987650753
754,customer name 754,0987650754
755,customer name 755,0987650755
756,customer name 756,0987650756
757,customer name 757,0987650757
758,customer name 758,0987650758
759,customer name 759,0987650759
760,customer name 760,0987650760
761,customer name 761,0987650761
762,customer name 762,0987650762
763,customer name 763,0987650763
764,customer name 764,0987650764
765,customer name 765,0987650765
766,customer name 766,0987650766
767,customer name 767,0987650767
768,customer name 768,0987650768
769,customer name 769,0987650769
770,customer name 770,0987650770
771,customer name 771,0987650771
772,customer name 772,0987650772
773,customer name 773,0987650773
774,customer name 774,0987650774
775,customer name 775,0987650775
776,customer name 776,0987650776
777,customer name 777,0987650777
778,customer name 778,0987650778
779,customer name 779,0987650779
780,customer name 780,0987650780
781,customer name 781,0987650781
782,customer name 782,0987650782
783,customer name 783,0987650783
784,customer name 784,0987650784
785,customer name 785,0987650785
786,customer name 786,0987650786
787,customer name 787,0987650787
788,customer name 788,0987650788
789,customer name 789,0987650789
790,customer name 790,0987650790
791,customer name 791,0987650791
792,customer name 792,0987650792
793,customer name 793,0987650793
794,customer name 794,0987650794
795,customer name 795,0987650795
796,customer name 796,0987650796
797,customer name 797,0987650797
798,customer name 798,0987650798
799,customer name 799,0987650799
800,customer name 800,0987650800
801,customer name 801,0987650801
802,customer name 802,0987650802
803,customer name 803,0987650803
804,customer name 804,0987650804
805,customer name 805,0987650805
806,customer name 806,0987650806
807,customer name 807,0987650807
808,customer name 808,0987650808
809,customer name 809,0987650809
810,customer name 810,0987650810
811,customer name 811,0987650811
812,customer name 812,0987650812
813,customer name 813,0987650813
814,customer name 814,0987650814
815,customer name 815,0987650815
816,customer name 816,0987650816
817,customer name 817,0987650817
818,customer name 818,0987650818
819,customer name 819,0987650819
820,customer name 820,0987650820
821,customer name 821,0987650821
822,customer name 822,0987650822
823,customer name 823,0987650823
824,customer name 824,0987650824
825,customer name 825,0987650825
826,customer name 826,0987650826
827,customer name 827,0987650827
828,customer name 828,0987650828
829,customer name 829,0987650829
830,customer name 830,0987650830
831,customer name 831,0987650831
832,customer name 832,0987650832
833,customer name 833,0987650833
834,customer name 834,0987650834
835,customer name 835,0987650835
836,customer name 836,0987650836
837,customer name 837,0987650837
838,customer name 838,0987650838
839,customer name 839,0987650839
840,customer name 840,0987650840
841,customer name 841,0987650841
842,customer name 842,0987650842
843,customer name 843,0987650843
844,customer name 844,0987650844
845,customer name 845,0987650845
846,customer name 846,0987650846
847,customer name 847,0987650847
848,customer name 848,0987650848
849,customer name 849,0987650849
850,customer name 850,0987650850
851,customer name 851,0987650851
852,customer name 852,0987650852
853,customer name 853,0987650853
854,customer name 854,0987650854
855,customer name 855,0987650855
856,customer name 856,0987650856
857,customer name 857,0987650857
858,customer name 858,0987650858
859,customer name 859,0987650859
860,customer name 860,0987650860
861,customer name 861,0987650861
862,customer name 862,0987650862
863,customer name 863,0987650863
864,customer name 864,0987650864
865,customer name 865,0987650865
866,customer name 866,0987650866
867,customer name 867,0987650867
868,customer name 868,0987650868
869,customer name 869,0987650869
870,customer name 870,0987650870
871,customer name 871,0987650871
872,customer name 872,0987650872
873,customer name 873,0987650873
874,customer name 874,0987650874
875,customer name 875,0987650875
876,customer name 876,0987650876
877,customer name 877,0987650877
878,customer name 878,0987650878
879,customer name 879,0987650879
880,customer name 880,0987650880
881,customer name 881,0987650881
882,customer name 882,0987650882
883,customer name 883,0987650883
884,customer name 884,0987650884
885,customer name 885,0987650885
886,customer name 886,0987650886
887,customer name 887,0987650887
888,customer name 888,0987650888
889,customer name 889,0987650889
890,customer name 890,0987650890
891,customer name 891,0987650891
892,customer name 892,0987650892
893,customer name 893,0987650893
894,customer name 894,0987650894
895,customer name 895,0987650895
896,customer name 896,0987650896
897,customer name 897,0987650897
898,customer name 898,0987650898
899,customer name 899,0987650899
900,customer name 900,0987650900
901,customer name 901,0987650901
902,customer name 902,0987650902
903,customer name 903,0987650903
904,customer name 904,0987650904
905,customer name 905,0987650905
906,customer name 906,0987650906
907,customer name 907,0987650907
908,customer name 908,0987650908
909,customer name 909,0987650909
910,customer name 910,0987650910
911,customer name 911,0987650911
912,customer name 912,0987650912
913,customer name 913,0987650913
914,customer name 914,0987650914
915,customer name 915,0987650915
916,customer name 916,0987650916
917,customer name 917,0987650917
918,customer name 918,0987650918
919,customer name 919,0987650919
920,customer name 920,0987650920
921,customer name 921,0987650921
922,customer name 922,0987650922
923,customer name 923,0987650923
924,customer name 924,0987650924
925,customer name 925,0987650925
926,customer name 926,0987650926
927,customer name 927,0987650927
928,customer name 928,0987650928
929,customer name 929,0987650929
930,customer name 930,0987650930
931,customer name 931,0987650931
932,customer name 932,0987650932
933,customer name 933,0987650933
934,customer name 934,0987650934
935,customer name 935,0987650935
936,customer name 936,0987650936
937,customer name 937,0987650937
938,customer name 938,0987650938
939,customer name 939,0987650939
940,customer name 940,0987650940
941,customer name 941,0987650941
942,customer name 942,0987650942
943,customer name 943,0987650943
944,customer name 944,0987650944
945,customer name 945,0987650945
946,customer name 946,0987650946
947,customer name 947,0987650947
948,customer name 948,0987650948
949,customer name 949,0987650949
950,customer name 950,0987650950
951,customer name 951,0987650951
952,customer name 952,0987650952
953,customer name 953,0987650953
954,customer name 954,0987650954
955,customer name 955,0987650955
956,customer name 956,0987650956
957,customer name 957,0987650957
958,customer name 958,0987650958
959,customer name 959,0987650959
960,customer name 960,0987650960
961,customer name 961,0987650961
962,customer name 962,0987650962
963,customer name 963,0987650963
964,customer name 964,0987650964
965,customer name 965,0987650965
966,customer name 966,0987650966
967,customer name 967,0987650967
968,customer name 968,0987650968
969,customer name 969,0987650969
970,customer name 970,0987650970
971,customer name 971,0987650971
972,customer name 972,0987650972
973,customer name 973,0987650973
974,customer name 974,0987650974
975,customer name 975,0987650975
976,customer name 976,0987650976
977,customer name 977,0987650977
978,customer name 978,0987650978
979,customer name 979,0987650979
980,customer name 980,0987650980
981,customer name 981,0987650981
982,customer name 982,0987650982
983,customer name 983,0987650983
984,customer name 984,0987650984
985,customer name 985,0987650985
986,customer name 986,0987650986
987,customer name 987,0987650987
988,customer name 988,0987650988
989,customer name 989,0987650989
990,customer name 990,0987650990
991,customer name 991,0987650991
992,customer name 992,0987650992
993,customer name 993,0987650993
994,customer name 994,0987650994
995,customer name 995,0987650995
996,customer name 996,0987650996
997,customer name 997,0987650997
998,customer name 998,0987650998
999,customer name 999,0987650999
1000,customer name 1000,0987651000
1001,customer name 1001,0987651001
1002,customer name 1002,0987651002
1003,customer name 1003,0987651003
1004,customer name 1004,0987651004
1005,customer name 1005,0987651005
1006,customer name 1006,0987651006
1007,customer name 1007,0987651007
1008,customer name 1008,0987651008
1009,customer name 1009,0987651009
1010,customer name 1010,0987651010
1011,customer name 1011,0987651011
1012,customer name 1012,0987651012
1013,customer name 1013,0987651013
1014,customer name 1014,0987651014
1015,customer name 1015,0987651015
1016,customer name 1016,0987651016
1017,customer name 1017,0987651017
1018,customer name 1018,0987651018
1019,customer name 1019,0987651019
1020,customer name 1020,0987651020
1021,customer name 1021,0987651021
1022,customer name 1022,0987651022
1023,customer name 1023,0987651023
1024,customer name 1024,0987651024
1025,customer name 1025,0987651025
1026,customer name 1026,0987651026
1027,customer name 1027,0987651027
1028,customer name 1028,0987651028
1029,customer name 1029,0987651029
1030,customer name 1030,0987651030
1031,customer name 1031,0987651031
1032,customer name 1032,0987651032
1033,customer name 1033,0987651033
1034,customer name 1034,0987651034
1035,customer name 1035,0987651035
1036,customer name 1036,0987651036
1037,customer name 1037,0987651037
1038,customer name 1038,0987651038
1039,customer name 1039,0987651039
1040,customer name 1040,0987651040
1041,customer name 1041,0987651041
1042,customer name 1042,0987651042
1043,customer name 1043,0987651043
1044,customer name 1044,0987651044
1045,customer name 1045,0987651045
1046,customer name 1046,0987651046
1047,customer name 1047,0987651047
1048,customer name 1048,0987651048
1049,customer name 1049,0987651049
1050,customer name 1050,0987651050
1051,customer name 1051,0987651051
1052,customer name 1052,0987651052
1053,customer name 1053,0987651053
1054,customer name 1054,0987651054
1055,customer name 1055,0987651055
1056,customer name 1056,0987651056
1057,customer name 1057,0987651057
1058,customer name 1058,0987651058
1059,customer name 1059,0987651059
1060,customer name 1060,0987651060
1061,customer name 1061,0987651061
1062,customer name 1062,0987651062
1063,customer name 1063,0987651063
1064,customer name 1064,0987651064
1065,customer name 1065,0987651065
1066,customer name 1066,0987651066
1067,customer name 1067,0987651067
1068,customer name 1068,0987651068
1069,customer name 1069,0987651069
1070,customer name 1070,0987651070
1071,customer name 1071,0987651071
1072,customer name 1072,0987651072
1073,customer name 1073,0987651073
1074,customer name 1074,0987651074
1075,customer name 1075,0987651075
1076,customer name 1076,0987651076
1077,customer name 1077,0987651077
1078,customer name 1078,0987651078
1079,customer name 1079,0987651079
1080,customer name 1080,0987651080
1081,customer name 1081,0987651081
1082,customer name 1082,0987651082
1083,customer name 1083,0987651083
1084,customer name 1084,0987651084
1085,customer name 1085,0987651085
1086,customer name 1086,0987651086
1087,customer name 1087,0987651087
1088,customer name 1088,0987651088
1089,customer name 1089,0987651089
1090,customer name 1090,0987651090
1091,customer name 1091,0987651091
1092,customer name 1092,0987651092
1093,customer name 1093,0987651093
1094,customer name 1094,0987651094
1095,customer name 1095,0987651095
1096,customer name 1096,0987651096
1097,customer name 1097,0987651097
1098,customer name 1098,0987651098
1099,customer name 1099,0987651099
1100,customer name 1100,0987651100
1101,customer name 1101,0987651101
1102,customer name 1102,0987651102
1103,customer name 1103,0987651103
1104,customer name 1104,0987651104
1105,customer name 1105,0987651105
1106,customer name 1106,0987651106
1107,customer name 1107,0987651107
1108,customer name 1108,0987651108
1109,customer name 1109,0987651109
1110,customer name 1110,0987651110
1111,customer name 1111,0987651111
1112,customer name 1112,0987651112
1113,customer name 1113,0987651113
1114,customer name 1114,0987651114
1115,customer name 1115,0987651115
1116,customer name 1116,0987651116
1117,customer name 1117,0987651117
1118,customer name 1118,0987651118
1119,customer name 1119,0987651119
1120,customer name 1120,0987651120
1121,customer name 1121,0987651121
1122,customer name 1122,0987651122
1123,customer name 1123,0987651123
1124,customer name 1124,0987651124
1125,customer name 1125,0987651125
1126,customer name 1126,0987651126
1127,customer name 1127,0987651127
1128,customer name 1128,0987651128
1129,customer name 1129,0987651129
1130,customer name 1130,0987651130
1131,customer name 1131,0987651131
1132,customer name 1132,0987651132
1133,customer name 1133,0987651133
1134,customer name 1134,0987651134
1135,customer name 1135,0987651135
1136,customer name 1136,0987651136
1137,customer name 1137,0987651137
1138,customer name 1138,0987651138
1139,customer name 1139,0987651139
1140,customer name 1140,0987651140
1141,customer name 1141,0987651141
1142,customer name 1142,0987651142
1143,customer name 1143,0987651143
1144,customer name 1144,0987651144
1145,customer name 1145,0987651145
1146,customer name 1146,0987651146
1147,customer name 1147,0987651147
1148,customer name 1148,0987651148
1149,customer name 1149,0987651149
1150,customer name 1150,0987651150
1151,customer name 1151,0987651151
1152,customer name 1152,0987651152
1153,customer name 1153,0987651153
1154,customer name 1154,0987651154
1155,customer name 1155,0987651155
1156,customer name 1156,0987651156
1157,customer name 1157,0987651157
1158,customer name 1158,0987651158
1159,customer name 1159,0987651159
1160,customer name 1160,0987651160
1161,customer name 1161,0987651161
1162,customer name 1162,0987651162
1163,customer name 1163,0987651163
1164,customer name 1164,0987651164
1165,customer name 1165,0987651165
1166,customer name 1166,0987651166
1167,customer name 1167,0987651167
1168,customer name 1168,0987651168
1169,customer name 1169,0987651169
1170,customer name 1170,0987651170
1171,customer name 1171,0987651171
1172,customer name 1172,0987651172
1173,customer name 1173,0987651173
1174,customer name 1174,0987651174
1175,customer name 1175,0987651175
1176,customer name 1176,0987651176
1177,customer name 1177,0987651177
1178,customer name 1178,0987651178
1179,customer name 1179,0987651179
1180,customer name 1180,0987651180
1181,customer name 1181,0987651181
1182,customer name 1182,0987651182
1183,customer name 1183,0987651183
1184,customer name 1184,0987651184
1185,customer name 1185,0987651185
1186,customer name 1186,0987651186
1187,customer name 1187,0987651187
1188,customer name 1188,0987651188
1189,customer name 1189,0987651189
1190,customer name 1190,0987651190
1191,customer name 1191,0987651191
1192,customer name 1192,0987651192
1193,customer name 1193,0987651193
1194,customer name 1194,0987651194
1195,customer name 1195,0987651195
1196,customer name 1196,0987651196
1197,customer name 1197,0987651197
1198,customer name 1198,0987651198
1199,customer name 1199,0987651199
1200,customer name 1200,0987651200
1201,customer name 1201,0987651201
1202,customer name 1202,0987651202
1203,customer name 1203,0987651203
1204,customer name 1204,0987651204
1205,customer name 1205,0987651205
1206,customer name 1206,0987651206
1207,customer name 1207,0987651207
1208,customer name 1208,0987651208
1209,customer name 1209,0987651209
1210,customer name 1210,0987651210
1211,customer name 1211,0987651211
1212,customer name 1212,0987651212
1213,customer name 1213,0987651213
1214,customer name 1214,0987651214
1215,customer name 1215,0987651215
1216,customer name 1216,0987651216
1217,customer name 1217,0987651217
1218,customer name 1218,0987651218
1219,customer name 1219,0987651219
1220,customer name 1220,0987651220
1221,customer name 1221,0987651221
1222,customer name 1222,0987651222
1223,customer name 1223,0987651223
1224,customer name 1224,0987651224
1225,customer name 1225,0987651225
1226,customer name 1226,0987651226
1227,customer name 1227,0987651227
1228,customer name 1228,0987651228
1229,customer name 1229,0987651229
1230,customer name 1230,0987651230
1231,customer name 1231,0987651231
1232,customer name 1232,0987651232
1233,customer name 1233,0987651233
1234,customer name 1234,0987651234
1235,customer name 1235,0987651235
1236,customer name 1236,0987651236
1237,customer name 1237,0987651237
1238,customer name 1238,0987651238
1239,customer name 1239,0987651239
1240,customer name 1240,0987651240
1241,customer name 1241,0987651241
1242,customer name 1242,0987651242
1243,customer name 1243,0987651243
1244,customer name 1244,0987651244
1245,customer name 1245,0987651245
1246,customer name 1246,0987651246
1247,customer name 1247,0987651247
1248,customer name 1248,0987651248
1249,customer name 1249,0987651249
1250,customer name 1250,0987651250
1251,customer name 1251,0987651251
1252,customer name 1252,0987651252
1253,customer name 1253,0987651253
1254,customer name 1254,0987651254
1255,customer name 1255,0987651255
1256,customer name 1256,0987651256
1257,customer name 1257,0987651257
1258,customer name 1258,0987651258
1259,customer name 1259,0987651259
1260,customer name 1260,0987651260
1261,customer name 1261,0987651261
1262,customer name 1262,0987651262
1263,customer name 1263,0987651263
1264,customer name 1264,0987651264
1265,customer name 1265,0987651265
1266,customer name 1266,0987651266
1267,customer name 1267,0987651267
1268,customer name 1268,0987651268
1269,customer name 1269,0987651269
1270,customer name 1270,0987651270
1271,customer name 1271,0987651271
1272,customer name 1272,0987651272
1273,customer name 1273,0987651273
1274,customer name 1274,0987651274
1275,customer name 1275,0987651275
1276,customer name 1276,0987651276
1277,customer name 1277,0987651277
1278,customer name 1278,0987651278
1279,customer name 1279,0987651279
1280,customer name 1280,0987651280
1281,customer name 1281,0987651281
1282,customer name 1282,0987651282
1283,customer name 1283,0987651283
1284,customer name 1284,0987651284
1285,customer name 1285,0987651285
1286,customer name 1286,0987651286
1287,customer name 1287,0987651287
1288,customer name 1288,0987651288
1289,customer name 1289,0987651289
1290,customer name 1290,0987651290
1291,customer name 1291,0987651291
1292,customer name 1292,0987651292
1293,customer name 1293,0987651293
1294,customer name 1294,0987651294
1295,customer name 1295,0987651295
1296,customer name 1296,0987651296
1297,customer name 1297,0987651297
1298,customer name 1298,0987651298
1299,customer name 1299,0987651299
1300,customer name 1300,0987651300
1301,customer name 1301,0987651301
1302,customer name 1302,0987651302
1303,customer name 1303,0987651303
1304,customer name 1304,0987651304
1305,customer name 1305,0987651305
1306,customer name 1306,0987651306
1307,customer name 1307,0987651307
1308,customer name 1308,0987651308
1309,customer name 1309,0987651309
1310,customer name 1310,0987651310
1311,customer name 1311,0987651311
1312,customer name 1312,0987651312
1313,customer name 1313,0987651313
1314,customer name 1314,0987651314
1315,customer name 1315,0987651315
1316,customer name 1316,0987651316
1317,customer name 1317,0987651317
1318,customer name 1318,0987651318
1319,customer name 1319,0987651319
1320,customer name 1320,0987651320
1321,customer name 1321,0987651321
1322,customer name 1322,0987651322
1323,customer name 1323,0987651323
1324,customer name 1324,0987651324
1325,customer name 1325,0987651325
1326,customer name 1326,0987651326
1327,customer name 1327,0987651327
1328,customer name 1328,0987651328
1329,customer name 1329,0987651329
1330,customer name 1330,0987651330
1331,customer name 1331,0987651331
1332,customer name 1332,0987651332
1333,customer name 1333,0987651333
1334,customer name 1334,0987651334
1335,customer name 1335,0987651335
1336,customer name 1336,0987651336
1337,customer name 1337,0987651337
1338,customer name 1338,0987651338
1339,customer name 1339,0987651339
1340,customer name 1340,0987651340
1341,customer name 1341,0987651341
1342,customer name 1342,0987651342
1343,customer name 1343,0987651343
1344,customer name 1344,0987651344
1345,customer name 1345,0987651345
1346,customer name 1346,0987651346
1347,customer name 1347,0987651347
1348,customer name 1348,0987651348
1349,customer name 1349,0987651349
1350,customer name 1350,0987651350
1351,customer name 1351,0987651351
1352,customer name 1352,0987651352
1353,customer name 1353,0987651353
1354,customer name 1354,0987651354
1355,customer name 1355,0987651355
1356,customer name 1356,0987651356
1357,customer name 1357,0987651357
1358,customer name 1358,0987651358
1359,customer name 1359,0987651359
1360,customer name 1360,0987651360
1361,customer name 1361,0987651361
1362,customer name 1362,0987651362
1363,customer name 1363,0987651363
1364,customer name 1364,0987651364
1365,customer name 1365,0987651365
1366,customer name 1366,0987651366
1367,customer name 1367,0987651367
1368,customer name 1368,0987651368
1369,customer name 1369,0987651369
1370,customer name 1370,0987651370
1371,customer name 1371,0987651371
1372,customer name 1372,0987651372
1373,customer name 1373,0987651373
1374,customer name 1374,0987651374
1375,customer name 1375,0987651375
1376,customer name 1376,0987651376
1377,customer name 1377,0987651377
1378,customer name 1378,0987651378
1379,customer name 1379,0987651379
1380,customer name 1380,0987651380
1381,customer name 1381,0987651381
1382,customer name 1382,0987651382
1383,customer name 1383,0987651383
1384,customer name 1384,0987651384
1385,customer name 1385,0987651385
1386,customer name 1386,0987651386
1387,customer name 1387,0987651387
1388,customer name 1388,0987651388
1389,customer name 1389,0987651389
1390,customer name 1390,0987651390
1391,customer name 1391,0987651391
1392,customer name 1392,0987651392
1393,customer name 1393,0987651393
1394,customer name 1394,0987651394
1395,customer name 1395,0987651395
1396,customer name 1396,0987651396
1397,customer name 1397,0987651397
1398,customer name 1398,0987651398
1399,customer name 1399,0987651399
1400,customer name 1400,0987651400
1401,customer name 1401,0987651401
1402,customer name 1402,0987651402
1403,customer name 1403,0987651403
1404,customer name 1404,0987651404
1405,customer name 1405,0987651405
1406,customer name 1406,0987651406
1407,customer name 1407,0987651407
1408,customer name 1408,0987651408
1409,customer name 1409,0987651409
1410,customer name 1410,0987651410
1411,customer name 1411,0987651411
1412,customer name 1412,0987651412
1413,customer name 1413,0987651413
1414,customer name 1414,0987651414
1415,customer name 1415,0987651415
1416,customer name 1416,0987651416
1417,customer name 1417,0987651417
1418,customer name 1418,0987651418
1419,customer name 1419,0987651419
1420,customer name 1420,0987651420
1421,customer name 1421,0987651421
1422,customer name 1422,0987651422
1423,customer name 1423,0987651423
1424,customer name 1424,0987651424
1425,customer name 1425,0987651425
1426,customer name 1426,0987651426
1427,customer name 1427,0987651427
1428,customer name 1428,0987651428
1429,customer name 1429,0987651429
1430,customer name 1430,0987651430
1431,customer name 1431,0987651431
1432,customer name 1432,0987651432
1433,customer name 1433,0987651433
1434,customer name 1434,0987651434
1435,customer name 1435,0987651435
1436,customer name 1436,0987651436
1437,customer name 1437,0987651437
1438,customer name 1438,0987651438
1439,customer name 1439,0987651439
1440,customer name 1440,0987651440
1441,customer name 1441,0987651441
1442,customer name 1442,0987651442
1443,customer name 1443,0987651443
1444,customer name 1444,0987651444
1445,customer name 1445,0987651445
1446,customer name 1446,0987651446
1447,customer name 1447,0987651447
1448,customer name 1448,0987651448
1449,customer name 1449,0987651449
1450,customer name 1450,0987651450
1451,customer name 1451,0987651451
1452,customer name 1452,0987651452
1453,customer name 1453,0987651453
1454,customer name 1454,0987651454
1455,customer name 1455,0987651455
1456,customer name 1456,0987651456
1457,customer name 1457,0987651457
1458,customer name 1458,0987651458
1459,customer name 1459,0987651459
1460,customer name 1460,0987651460
1461,customer name 1461,0987651461
1462,customer name 1462,0987651462
1463,customer name 1463,0987651463
1464,customer name 1464,0987651464
1465,customer name 1465,0987651465
1466,customer name 1466,0987651466
1467,customer name 1467,0987651467
1468,customer name 1468,0987651468
1469,customer name 1469,0987651469
1470,customer name 1470,0987651470
1471,customer name 1471,0987651471
1472,customer name 1472,0987651472
1473,customer name 1473,0987651473
1474,customer name 1474,0987651474
1475,customer name 1475,0987651475
1476,customer name 1476,0987651476
1477,customer name 1477,0987651477
1478,customer name 1478,0987651478
1479,customer name 1479,0987651479
1480,customer name 1480,0987651480
1481,customer name 1481,0987651481
1482,customer name 1482,0987651482
1483,customer name 1483,0987651483
1484,customer name 1484,0987651484
1485,customer name 1485,0987651485
1486,customer name 1486,0987651486
1487,customer name 1487,0987651487
1488,customer name 1488,0987651488
1489,customer name 1489,0987651489
1490,customer name 1490,0987651490
1491,customer name 1491,0987651491
1492,customer name 1492,0987651492
1493,customer name 1493,0987651493
1494,customer name 1494,0987651494
1495,customer name 1495,0987651495
1496,customer name 1496,0987651496
1497,customer name 1497,0987651497
1498,customer name 1498,0987651498
1499,customer name 1499,0987651499
1500,customer name 1500,0987651500
1501,customer name 1501,0987651501
1502,customer name 1502,0987651502
1503,customer name 1503,0987651503
1504,customer name 1504,0987651504
1505,customer name 1505,0987651505
1506,customer name 1506,0987651506
1507,customer name 1507,0987651507
1508,customer name 1508,0987651508
1509,customer name 1509,0987651509
1510,customer name 1510,0987651510
1511,customer name 1511,0987651511
1512,customer name 1512,0987651512
1513,customer name 1513,0987651513
1514,customer name 1514,0987651514
1515,customer name 1515,0987651515
1516,customer name 1516,0987651516
1517,customer name 1517,0987651517
1518,customer name 1518,0987651518
1519,customer name 1519,0987651519
1520,customer name 1520,0987651520
1521,customer name 1521,0987651521
1522,customer name 1522,0987651522
1523,customer name 1523,0987651523
1524,customer name 1524,0987651524
1525,customer name 1525,0987651525
1526,customer name 1526,0987651526
1527,customer name 1527,0987651527
1528,customer name 1528,0987651528
1529,customer name 1529,0987651529
1530,customer name 1530,0987651530
1531,customer name 1531,0987651531
1532,customer name 1532,0987651532
1533,customer name 1533,0987651533
1534,customer name 1534,0987651534
1535,customer name 1535,0987651535
1536,customer name 1536,0987651536
1537,customer name 1537,0987651537
1538,customer name 1538,0987651538
1539,customer name 1539,0987651539
1540,customer name 1540,0987651540
1541,customer name 1541,0987651541
1542,customer name 1542,0987651542
1543,customer name 1543,0987651543
1544,customer name 1544,0987651544
1545,customer name 1545,0987651545
1546,customer name 1546,0987651546
1547,customer name 1547,0987651547
1548,customer name 1548,0987651548
1549,customer name 1549,0987651549
1550,customer name 1550,0987651550
1551,customer name 1551,0987651551
1552,customer name 1552,0987651552
1553,customer name 1553,0987651553
1554,customer name 1554,0987651554
1555,customer name 1555,0987651555
1556,customer name 1556,0987651556
1557,customer name 1557,0987651557
1558,customer name 1558,0987651558
1559,customer name 1559,0987651559
1560,customer name 1560,0987651560
1561,customer name 1561,0987651561
1562,customer name 1562,0987651562
1563,customer name 1563,0987651563
1564,customer name 1564,0987651564
1565,customer name 1565,0987651565
1566,customer name 1566,0987651566
1567,customer name 1567,0987651567
1568,customer name 1568,0987651568
1569,customer name 1569,0987651569
1570,customer name 1570,0987651570
1571,customer name 1571,0987651571
1572,customer name 1572,0987651572
1573,customer name 1573,0987651573
1574,customer name 1574,0987651574
1575,customer name 1575,0987651575
1576,customer name 1576,0987651576
1577,customer name 1577,0987651577
1578,customer name 1578,0987651578
1579,customer name 1579,0987651579
1580,customer name 1580,0987651580
1581,customer name 1581,0987651581
1582,customer name 1582,0987651582
1583,customer name 1583,0987651583
1584,customer name 1584,0987651584
1585,customer name 1585,0987651585
1586,customer name 1586,0987651586
1587,customer name 1587,0987651587
1588,customer name 1588,0987651588
1589,customer name 1589,0987651589
1590,customer name 1590,0987651590
1591,customer name 1591,0987651591
1592,customer name 1592,0987651592
1593,customer name 1593,0987651593
1594,customer name 1594,0987651594
1595,customer name 1595,0987651595
1596,customer name 1596,0987651596
1597,customer name 1597,0987651597
1598,customer name 1598,0987651598
1599,customer name 1599,0987651599
1600,customer name 1600,0987651600
1601,customer name 1601,0987651601
1602,customer name 1602,0987651602
1603,customer name 1603,0987651603
1604,customer name 1604,0987651604
1605,customer name 1605,0987651605
1606,customer name 1606,0987651606
1607,customer name 1607,0987651607
1608,customer name 1608,0987651608
1609,customer name 1609,0987651609
1610,customer name 1610,0987651610
1611,customer name 1611,0987651611
1612,customer name 1612,0987651612
1613,customer name 1613,0987651613
1614,customer name 1614,0987651614
1615,customer name 1615,0987651615
1616,customer name 1616,0987651616
1617,customer name 1617,0987651617
1618,customer name 1618,0987651618
1619,customer name 1619,0987651619
1620,customer name 1620,0987651620
1621,customer name 1621,0987651621
1622,customer name 1622,0987651622
1623,customer name 1623,0987651623
1624,customer name 1624,0987651624
1625,customer name 1625,0987651625
1626,customer name 1626,0987651626
1627,customer name 1627,0987651627
1628,customer name 1628,0987651628
1629,customer name 1629,0987651629
1630,customer name 1630,0987651630
1631,customer name 1631,0987651631
1632,customer name 1632,0987651632
1633,customer name 1633,0987651633
1634,customer name 1634,0987651634
1635,customer name 1635,0987651635
1636,customer name 1636,0987651636
1637,customer name 1637,0987651637
1638,customer name 1638,0987651638
1639,customer name 1639,0987651639
1640,customer name 1640,0987651640
1641,customer name 1641,0987651641
1642,customer name 1642,0987651642
1643,customer name 1643,0987651643
1644,customer name 1644,0987651644
1645,customer name 1645,0987651645
1646,customer name 1646,0987651646
1647,customer name 1647,0987651647
1648,customer name 1648,0987651648
1649,customer name 1649,0987651649
1650,customer name 1650,0987651650
1651,customer name 1651,0987651651
1652,customer name 1652,0987651652
1653,customer name 1653,0987651653
1654,customer name 1654,0987651654
1655,customer name 1655,0987651655
1656,customer name 1656,0987651656
1657,customer name 1657,0987651657
1658,customer name 1658,0987651658
1659,customer name 1659,0987651659
1660,customer name 1660,0987651660
1661,customer name 1661,0987651661
1662,customer name 1662,0987651662
1663,customer name 1663,0987651663
1664,customer name 1664,0987651664
1665,customer name 1665,0987651665
1666,customer name 1666,0987651666
1667,customer name 1667,0987651667
1668,customer name 1668,0987651668
1669,customer name 1669,0987651669
1670,customer name 1670,0987651670
1671,customer name 1671,0987651671
1672,customer name 1672,0987651672
1673,customer name 1673,0987651673
1674,customer name 1674,0987651674
1675,customer name 1675,0987651675
1676,customer name 1676,0987651676
1677,customer name 1677,0987651677
1678,customer name 1678,0987651678
1679,customer name 1679,0987651679
1680,customer name 1680,0987651680
1681,customer name 1681,0987651681
1682,customer name 1682,0987651682
1683,customer name 1683,0987651683
1684,customer name 1684,0987651684
1685,customer name 1685,0987651685
1686,customer name 1686,0987651686
1687,customer name 1687,0987651687
1688,customer name 1688,0987651688
1689,customer name 1689,0987651689
1690,customer name 1690,0987651690
1691,customer name 1691,0987651691
1692,customer name 1692,0987651692
1693,customer name 1693,0987651693
1694,customer name 1694,0987651694
1695,customer name 1695,0987651695
1696,customer name 1696,0987651696
1697,customer name 1697,0987651697
1698,customer name 1698,0987651698
1699,customer name 1699,0987651699
1700,customer name 1700,0987651700
1701,customer name 1701,0987651701
1702,customer name 1702,0987651702
1703,customer name 1703,0987651703
1704,customer name 1704,0987651704
1705,customer name 1705,0987651705
1706,customer name 1706,0987651706
1707,customer name 1707,0987651707
1708,customer name 1708,0987651708
1709,customer name 1709,0987651709
1710,customer name 1710,0987651710
1711,customer name 1711,0987651711
1712,customer name 1712,0987651712
1713,customer name 1713,0987651713
1714,customer name 1714,0987651714
1715,customer name 1715,0987651715
1716,customer name 1716,0987651716
1717,customer name 1717,0987651717
1718,customer name 1718,0987651718
1719,customer name 1719,0987651719
1720,customer name 1720,0987651720
1721,customer name 1721,0987651721
1722,customer name 1722,0987651722
1723,customer name 1723,0987651723
1724,customer name 1724,0987651724
1725,customer name 1725,0987651725
1726,customer name 1726,0987651726
1727,customer name 1727,0987651727
1728,customer name 1728,0987651728
1729,customer name 1729,0987651729
1730,customer name 1730,0987651730
1731,customer name 1731,0987651731
1732,customer name 1732,0987651732
1733,customer name 1733,0987651733
1734,customer name 1734,0987651734
1735,customer name 1735,0987651735
1736,customer name 1736,0987651736
1737,customer name 1737,0987651737
1738,customer name 1738,0987651738
1739,customer name 1739,0987651739
1740,customer name 1740,0987651740
1741,customer name 1741,0987651741
1742,customer name 1742,0987651742
1743,customer name 1743,0987651743
1744,customer name 1744,0987651744
1745,customer name 1745,0987651745
1746,customer name 1746,0987651746
1747,customer name 1747,0987651747
1748,customer name 1748,0987651748
1749,customer name 1749,0987651749
1750,customer name 1750,0987651750
1751,customer name 1751,0987651751
1752,customer name 1752,0987651752
1753,customer name 1753,0987651753
1754,customer name 1754,0987651754
1755,customer name 1755,0987651755
1756,customer name 1756,0987651756
1757,customer name 1757,0987651757
1758,customer name 1758,0987651758
1759,customer name 1759,0987651759
1760,customer name 1760,0987651760
1761,customer name 1761,0987651761
1762,customer name 1762,0987651762
1763,customer name 1763,0987651763
1764,customer name 1764,0987651764
1765,customer name 1765,0987651765
1766,customer name 1766,0987651766
1767,customer name 1767,0987651767
1768,customer name 1768,0987651768
1769,customer name 1769,0987651769
1770,customer name 1770,0987651770
1771,customer name 1771,0987651771
1772,customer name 1772,0987651772
1773,customer name 1773,0987651773
1774,customer name 1774,0987651774
1775,customer name 1775,0987651775
1776,customer name 1776,0987651776
1777,customer name 1777,0987651777
1778,customer name 1778,0987651778
1779,customer name 1779,0987651779
1780,customer name 1780,0987651780
1781,customer name 1781,0987651781
1782,customer name 1782,0987651782
1783,customer name 1783,0987651783
1784,customer name 1784,0987651784
1785,customer name 1785,0987651785
1786,customer name 1786,0987651786
1787,customer name 1787,0987651787
1788,customer name 1788,0987651788
1789,customer name 1789,0987651789
1790,customer name 1790,0987651790
1791,customer name 1791,0987651791
1792,customer name 1792,0987651792
1793,customer name 1793,0987651793
1794,customer name 1794,0987651794
1795,customer name 1795,0987651795
1796,customer name 1796,0987651796
1797,customer name 1797,0987651797
1798,customer name 1798,0987651798
1799,customer name 1799,0987651799
1800,customer name 1800,0987651800
1801,customer name 1801,0987651801
1802,customer name 1802,0987651802
1803,customer name 1803,0987651803
1804,customer name 1804,0987651804
1805,customer name 1805,0987651805
1806,customer name 1806,0987651806
1807,customer name 1807,0987651807
1808,customer name 1808,0987651808
1809,customer name 1809,0987651809
1810,customer name 1810,0987651810
1811,customer name 1811,0987651811
1812,customer name 1812,0987651812
1813,customer name 1813,0987651813
1814,customer name 1814,0987651814
1815,customer name 1815,0987651815
1816,customer name 1816,0987651816
1817,customer name 1817,0987651817
1818,customer name 1818,0987651818
1819,customer name 1819,0987651819
1820,customer name 1820,0987651820
1821,customer name 1821,0987651821
1822,customer name 1822,0987651822
1823,customer name 1823,0987651823
1824,customer name 1824,0987651824
1825,customer name 1825,0987651825
1826,customer name 1826,0987651826
1827,customer name 1827,0987651827
1828,customer name 1828,0987651828
1829,customer name 1829,0987651829
1830,customer name 1830,0987651830
1831,customer name 1831,0987651831
1832,customer name 1832,0987651832
1833,customer name 1833,0987651833
1834,customer name 1834,0987651834
1835,customer name 1835,0987651835
1836,customer name 1836,0987651836
1837,customer name 1837,0987651837
1838,customer name 1838,0987651838
1839,customer name 1839,0987651839
1840,customer name 1840,0987651840
1841,customer name 1841,0987651841
1842,customer name 1842,0987651842
1843,customer name 1843,0987651843
1844,customer name 1844,0987651844
1845,customer name 1845,0987651845
1846,customer name 1846,0987651846
1847,customer name 1847,0987651847
1848,customer name 1848,0987651848
1849,customer name 1849,0987651849
1850,customer name 1850,0987651850
1851,customer name 1851,0987651851
1852,customer name 1852,0987651852
1853,customer name 1853,0987651853
1854,customer name 1854,0987651854
1855,customer name 1855,0987651855
1856,customer name 1856,0987651856
1857,customer name 1857,0987651857
1858,customer name 1858,0987651858
1859,customer name 1859,0987651859
1860,customer name 1860,0987651860
1861,customer name 1861,0987651861
1862,customer name 1862,0987651862
1863,customer name 1863,0987651863
1864,customer name 1864,0987651864
1865,customer name 1865,0987651865
1866,customer name 1866,0987651866
1867,customer name 1867,0987651867
1868,customer name 1868,0987651868
1869,customer name 1869,0987651869
1870,customer name 1870,0987651870
1871,customer name 1871,0987651871
1872,customer name 1872,0987651872
1873,customer name 1873,0987651873
1874,customer name 1874,0987651874
1875,customer name 1875,0987651875
1876,customer name 1876,0987651876
1877,customer name 1877,0987651877
1878,customer name 1878,0987651878
1879,customer name 1879,0987651879
1880,customer name 1880,0987651880
1881,customer name 1881,0987651881
1882,customer name 1882,0987651882
1883,customer name 1883,0987651883
1884,customer name 1884,0987651884
1885,customer name 1885,0987651885
1886,customer name 1886,0987651886
1887,customer name 1887,0987651887
1888,customer name 1888,0987651888
1889,customer name 1889,0987651889
1890,customer name 1890,0987651890
1891,customer name 1891,0987651891
1892,customer name 1892,0987651892
1893,customer name 1893,0987651893
1894,customer name 1894,0987651894
1895,customer name 1895,0987651895
1896,customer name 1896,0987651896
1897,customer name 1897,0987651897
1898,customer name 1898,0987651898
1899,customer name 1899,0987651899
1900,customer name 1900,0987651900
1901,customer name 1901,0987651901
1902,customer name 1902,0987651902
1903,customer name 1903,0987651903
1904,customer name 1904,0987651904
1905,customer name 1905,0987651905
1906,customer name 1906,0987651906
1907,customer name 1907,0987651907
1908,customer name 1908,0987651908
1909,customer name 1909,0987651909
1910,customer name 1910,0987651910
1911,customer name 1911,0987651911
1912,customer name 1912,0987651912
1913,customer name 1913,0987651913
1914,customer name 1914,0987651914
1915,customer name 1915,0987651915
1916,customer name 1916,0987651916
1917,customer name 1917,0987651917
1918,customer name 1918,0987651918
1919,customer name 1919,0987651919
1920,customer name 1920,0987651920
1921,customer name 1921,0987651921
1922,customer name 1922,0987651922
1923,customer name 1923,0987651923
1924,customer name 1924,0987651924
1925,customer name 1925,0987651925
1926,customer name 1926,0987651926
1927,customer name 1927,0987651927
1928,customer name 1928,0987651928
1929,customer name 1929,0987651929
1930,customer name 1930,0987651930
1931,customer name 1931,0987651931
1932,customer name 1932,0987651932
1933,customer name 1933,0987651933
1934,customer name 1934,0987651934
1935,customer name 1935,0987651935
1936,customer name 1936,0987651936
1937,customer name 1937,0987651937
1938,customer name 1938,0987651938
1939,customer name 1939,0987651939
1940,customer name 1940,0987651940
1941,customer name 1941,0987651941
1942,customer name 1942,0987651942
1943,customer name 1943,0987651943
1944,customer name 1944,0987651944
1945,customer name 1945,0987651945
1946,customer name 1946,0987651946
1947,customer name 1947,0987651947
1948,customer name 1948,0987651948
1949,customer name 1949,0987651949
1950,customer name 1950,0987651950
1951,customer name 1951,0987651951
1952,customer name 1952,0987651952
1953,customer name 1953,0987651953
1954,customer name 1954,0987651954
1955,customer name 1955,0987651955
1956,customer name 1956,0987651956
1957,customer name 1957,0987651957
1958,customer name 1958,0987651958
1959,customer name 1959,0987651959
1960,customer name 1960,0987651960
1961,customer name 1961,0987651961
1962,customer name 1962,0987651962
1963,customer name 1963,0987651963
1964,customer name 1964,0987651964
1965,customer name 1965,0987651965
1966,customer name 1966,0987651966
1967,customer name 1967,0987651967
1968,customer name 1968,0987651968
1969,customer name 1969,0987651969
1970,customer name 1970,0987651970
1971,customer name 1971,0987651971
1972,customer name 1972,0987651972
1973,customer name 1973,0987651973
1974,customer name 1974,0987651974
1975,customer name 1975,0987651975
1976,customer name 1976,0987651976
1977,customer name 1977,0987651977
1978,customer name 1978,0987651978
1979,customer name 1979,0987651979
1980,customer name 1980,0987651980
1981,customer name 1981,0987651981
1982,customer name 1982,0987651982
1983,customer name 1983,0987651983
1984,customer name 1984,0987651984
1985,customer name 1985,0987651985
1986,customer name 1986,0987651986
1987,customer name 1987,0987651987
1988,customer name 1988,0987651988
1989,customer name 1989,0987651989
1990,customer name 1990,0987651990
1991,customer name 1991,0987651991
1992,customer name 1992,0987651992
1993,customer name 1993,0987651993
1994,customer name 1994,0987651994
1995,customer name 1995,0987651995
1996,customer name 1996,0987651996
1997,customer name 1997,0987651997
1998,customer name 1998,0987651998
1999,customer name 1999,0987651999
2000,customer name 2000,0987652000
